INSERT INTO genres (id, name) VALUES(1, 'Action'),(2, 'Adventure'),(3, 'RPG'),(4, 'Horror'),(5, 'Shooter'),(6, 'Sports'),(7, 'Puzzle'),(8, 'Strategy'),(9, 'Racing'),(10, 'Simulation');
INSERT INTO platforms (id, name) VALUES(1, 'PC'),(2, 'PlayStation 5'),(3, 'Xbox Series X'),(4, 'Nintendo Switch');
INSERT INTO videogames (id, title, cover_image, release_date, description) VALUES(1, 'The Witcher 3: Wild Hunt', 'https://tse2.mm.bing.net/th/id/OIP.7-BDYGbncGnVvbrHDTEB8QHaLH?r=0&pid=Api', '2015-05-19', 'Open-world RPG.'),(2, 'Resident Evil Village', 'https://upload.wikimedia.org/re8.jpg', '2021-05-07', 'Survival horror by Capcom.'),(3, 'Horizon Zero Dawn', 'https://upload.wikimedia.org/horizon.jpg', '2017-02-28', 'Action RPG in a post-apocalyptic world.'),(4, 'Call of Duty: Modern Warfare II', 'https://upload.wikimedia.org/codmw2.jpg', '2022-10-28', 'First-person shooter.'),(5, 'FIFA 23', 'https://upload.wikimedia.org/fifa23.jpg', '2022-09-30', 'Football simulation.'),(6, 'Tetris Effect', 'https://upload.wikimedia.org/tetris.jpg', '2018-11-09', 'Puzzle game.'),(7, 'Zelda: Breath of the Wild', 'https://upload.wikimedia.org/zelda.jpg', '2017-03-03', 'Open-world adventure.'),(8, 'Elden Ring', 'https://upload.wikimedia.org/eldenring.jpg', '2022-02-25', 'Dark fantasy RPG.'),(9, 'Cyberpunk 2077', 'https://upload.wikimedia.org/cyberpunk.jpg', '2020-12-10', 'Sci-fi open-world RPG.'),(10, 'Red Dead Redemption 2', 'https://upload.wikimedia.org/rdr2.jpg', '2018-10-26', 'Wild West action-adventure.'),(11, 'Gran Turismo 7', 'https://upload.wikimedia.org/gt7.jpg', '2022-03-04', 'Realistic racing sim.'),(12, 'Minecraft', 'https://upload.wikimedia.org/minecraft.jpg', '2011-11-18', 'Sandbox building game.'),(13, 'Overwatch 2', 'https://upload.wikimedia.org/overwatch2.jpg', '2022-10-04', 'Hero shooter multiplayer.'),(14, 'Among Us', 'https://upload.wikimedia.org/amongus.jpg', '2018-06-15', 'Social deduction game.'),(15, 'Stardew Valley', 'https://upload.wikimedia.org/stardew.jpg', '2016-02-26', 'Farming simulation RPG.'),(16, 'Fortnite', 'https://upload.wikimedia.org/fortnite.jpg', '2017-07-25', 'Battle Royale.'),(17, 'Rocket League', 'https://upload.wikimedia.org/rocketleague.jpg', '2015-07-07', 'Car soccer game.'),(18, 'League of Legends', 'https://upload.wikimedia.org/lol.jpg', '2009-10-27', 'MOBA.'),(19, 'Dota 2', 'https://upload.wikimedia.org/dota2.jpg', '2013-07-09', 'MOBA.'),(20, 'The Sims 4', 'https://upload.wikimedia.org/sims4.jpg', '2014-09-02', 'Life simulation.'),(21, 'Assassin''s Creed Valhalla', 'https://upload.wikimedia.org/valhalla.jpg', '2020-11-10', 'Historical action-adventure.'),(22, 'Far Cry 6', 'https://upload.wikimedia.org/farcry6.jpg', '2021-10-07', 'Open-world shooter.'),(23, 'God of War Ragnarok', 'https://upload.wikimedia.org/gowragnarok.jpg', '2022-11-09', 'Action-adventure Norse myth.'),(24, 'Animal Crossing: New Horizons', 'https://upload.wikimedia.org/animalcrossing.jpg', '2020-03-20', 'Life sim.'),(25, 'Mario Kart 8 Deluxe', 'https://upload.wikimedia.org/mariokart8.jpg', '2017-04-28', 'Arcade racing.'),(26, 'Persona 5 Royal', 'https://upload.wikimedia.org/p5royal.jpg', '2019-10-31', 'JRPG.'),(27, 'Dead Space Remake', 'https://upload.wikimedia.org/deadspace.jpg', '2023-01-27', 'Sci-fi horror remake.'),(28, 'Ghost of Tsushima', 'https://upload.wikimedia.org/tsushima.jpg', '2020-07-17', 'Samurai action-adventure.'),(29, 'Splatoon 3', 'https://upload.wikimedia.org/splatoon3.jpg', '2022-09-09', 'Multiplayer shooter.'),(30, 'Pikmin 4', 'https://upload.wikimedia.org/pikmin4.jpg', '2023-07-21', 'Puzzle strategy.');
INSERT INTO genre_videogames (videogame_id, genre_id) VALUES (1, 3), (2, 4), (3, 1), (3, 3), (4, 5), (5, 6), (6, 7), (7, 1), (7, 2),(8, 3), (9, 3), (10, 1), (10, 2), (11, 9), (12, 1), (12, 7), (13, 5),(14, 7), (15, 10), (16, 5), (17, 6), (18, 8), (19, 8), (20, 10),(21, 1), (21, 2), (22, 5), (23, 1), (24, 10), (25, 9), (26, 3),(27, 4),(28, 1), (28, 2), (29, 5), (30, 7), (30, 8);
INSERT INTO platform_videogame (videogame_id, platform_id) VALUES (1, 1), (1, 2), (1, 3),(2, 2), (2, 3),(3, 1), (3, 2),(4, 1), (4, 2), (4, 3),(5, 1), (5, 2), (5, 3), (5, 4),(6, 1), (6, 2), (6, 4),(7, 4),(8, 1), (8, 2),(9, 1), (9, 2), (9, 3),(10, 1), (10, 2), (10, 3),(11, 2),(12, 1),(13, 1), (13, 2), (13, 3),(14, 1), (14, 4),(15, 1), (15, 4),(16, 1), (16, 2), (16, 3),(17, 1), (17, 2), (17, 3),(18, 1), (19, 1),(21, 2),(22, 1), (22, 2), (22, 3),(23, 2),(24, 4),(25, 4),(26, 1), (26, 2),(27, 1), (27, 2),(28, 2),(29, 4),(30, 4);
INSERT INTO roles (name) VALUES ('USER'), ('ADMIN');
INSERT INTO role_user (role_id, user_id) VALUES (1,1), (2,2);
INSERT INTO users (user_name, password) VALUES ('piero','{noop}123456'),('angela', '{noop}654321');
