INSERT INTO genres (id, name) VALUES(1, 'Action'),(2, 'Adventure'),(3, 'RPG'),(4, 'Horror'),(5, 'Shooter'),(6, 'Sports'),(7, 'Puzzle'),(8, 'Strategy'),(9, 'Racing'),(10, 'Simulation');
INSERT INTO platforms (id, name) VALUES(1, 'PC'),(2, 'PlayStation 5'),(3, 'Xbox Series X'),(4, 'Nintendo Switch');
INSERT INTO videogames (id, title, cover_image, release_date, description) VALUES(1, 'Split Fiction', 'https://assets.gam3s.gg/1748480715838_split_fiction_cover_ef82f4cc4c.png', '2025-03-06', 'Co-op adventure by Hazelight.'),(2, 'Clair Obscur: Expedition 33', 'https://i.redd.it/wallpapers-some-very-high-resolution-images-of-the-games-v0-f62bz1327pxe1.jpg?width=1920&format=pjpg&auto=webp&s=2d93fb5845ce1505cba961dc163edf4ef86bf69c', '2025-04-24', 'Metacritic 93/100, sci-fi exploration RPG.'),(3, 'Blue Prince', 'https://gaming-cdn.com/images/products/18776/616x353/blue-prince-pc-steam-cover.jpg?v=1750336441', '2025-04-10', 'Emotional narrative adventure.'),(4, 'Shadow Labyrinth', 'https://cdn11.bigcommerce.com/s-k0hjo2yyrq/images/stencil/1280x1280/products/18396/19114/WIRE_StandardEdition_PortraitMaster_1440x2160__97559.1744622161.jpg?c=1', '2025-07-17', 'Action platformer for Switch 2.'),(5, 'Donkey Kong Bananza', 'https://assets.nintendo.eu/image/private/f_auto,c_limit,w_1920,q_auto:low/qgbzgtxe8lhbibrlcjgp', '2025-07-17', 'Explorative collect-a-thon on Switch 2.'),(6, 'Metal Gear Solid Δ: Snake Eater', 'https://images.igdb.com/igdb/image/upload/t_cover_big_2x/co7lb7.jpg', '2025-08-28', 'Remake of the classic stealth-action game.'),(7, 'Mafia: The Old Country', 'https://static0.gamerantimages.com/wordpress/wp-content/uploads/2024/12/mafia-the-old-country-tag-page-cover-art.jpg', '2025-08-08', 'Narrative prequel set in Sicily.'),(8, 'Borderlands 4', 'https://i.redd.it/y3zru53ep81f1.png', '2025-09-12', 'Satirical loot-shooter.'),(9, 'Marathon', 'https://images.igdb.com/igdb/image/upload/t_cover_big_2x/co9nsc.jpg', NULL, 'Bungie’s extraction shooter for PS5/XBX/PC, delayed from Sept 2025.'),(10, 'The Outer Worlds 2', 'https://xboxwire.thesourcemediaassets.com/sites/2/2025/06/The-Outer-Worlds-2-38c3348ec49c37409ade.jpg', '2025-10-29', 'Sci-fi RPG sequel.'),(11, 'Resident Evil Requiem', 'https://image.api.playstation.com/vulcan/ap/rnd/202506/0700/3f30b1b8ee413768bb08940e8f848cf88b430aa6622a8873.png', '2026-02-27', 'Survival horror, chapter 9.'),(12, 'Marvel 1943: Rise of Hydra', 'https://static0.thegamerimages.com/wordpress/wp-content/uploads/sharedimages/2024/12/mixcollage-04-dec-2024-03-20-am-9606.jpg', NULL, 'WW2 action-adventure with Captain America & Black Panther.'),(13, 'The Elder Scrolls VI', 'https://i.redd.it/2e5p49cavoc61.png', NULL, 'Next chapter in Bethesda’s RPG saga.'),(14, 'Gears of War: E-Day', 'https://preview.redd.it/sharing-my-gears-of-war-e-day-wallpaper-v0-annqvi9vvw5d1.jpg?width=1440&format=pjpg&auto=webp&s=09e4367ecb6683ae0aafb10cfff5ce6cafedef83', NULL, 'Horror-shooter prequel set during Emergence Day.'),(15, 'GTA VI', 'https://www.rockstargames.com/VI/_next/image?url=%2FVI%2F_next%2Fstatic%2Fmedia%2FJason_and_Lucia_01_With_Logos_landscape.8596f77a.jpg&w=3840&q=75', '2026-05-26', 'New open-world sandbox set in Vice City.');
INSERT INTO genre_videogames (videogame_id, genre_id) VALUES (1,1),(2,2),(2,8),(3,2),(4,1),(4,2),(5,2),(5,1),(6,1),(6,5),(7,1),(7,2),(8,5),(9,5),(10,3),(11,4),(12,1),(12,2),(13,3),(14,5),(15,1),(15,2);
INSERT INTO platform_videogame (videogame_id, platform_id) VALUES (1,1),(1,2),(1,3),(2,1),(2,2),(2,3),(3,1),(3,2),(3,3),(4,4),(5,4),(6,1),(6,2),(6,3),(7,1),(7,2),(7,3),(8,1),(8,2),(8,3),(9,1),(9,2),(9,3),(10,1),(10,2),(10,3),(11,1),(11,2),(11,3),(12,1),(12,2),(12,3),(13,1),(13,2),(14,3),(14,1),(15,2),(15,3);
INSERT INTO roles (name) VALUES ('USER'), ('ADMIN');
INSERT INTO users (user_name, password) VALUES('Piero','{noop}123456'),('Angela', '{noop}654321'),('Marco', '{noop}000000'),('Luca', '{noop}000000'),('Sofia', '{noop}000000'),('Elena', '{noop}000000'),('Giovanni', '{noop}000000');
INSERT INTO role_user (role_id, user_id) VALUES (1,1),(2,2),(2,3),(1,4),(1,5),(1,6),(1,7);
INSERT INTO discussions (title, content, date, videogame_id, user_id) VALUES('Perfect for couch co-op', 'Played Split Fiction with my brother. Amazing split-screen experience!', '2025-07-17T18:00:00', 1, 3),('How long is the campaign?', 'Finished chapter 2 and wondering how many chapters there are?', '2025-07-18T09:30:00', 1, 5),('Hazelight never misses', 'After It Takes Two, I had high hopes. This one delivers.', '2025-07-16T22:45:00', 1, 7),('No online co-op?!', 'Can’t believe it doesn’t support online multiplayer. Huge miss.', '2025-07-19T12:00:00', 1, 4),('Combat system thoughts?', 'I love the turn-based twist. Reminds me of Persona.', '2025-07-18T10:20:00', 2, 6),('Art style is gorgeous', 'The surreal visuals in Clair Obscur are next level.', '2025-07-18T19:15:00', 2, 1),('Anyone else confused?', 'Story is a bit hard to follow at first. Is that intentional?', '2025-07-19T15:40:00', 2, 2),('Frame drops on PS5', 'Noticed some lag during battles. Hope they patch it.', '2025-07-17T11:10:00', 2, 7),('Short but sweet', 'Only took 5 hours to finish, but what a ride.', '2025-07-17T13:30:00', 3, 4),('Underrated indie gem', 'Narrative-driven games like this deserve more love.', '2025-07-19T09:00:00', 3, 6),('No replay value?', 'Once you know the story, is it worth a second run?', '2025-07-16T20:20:00', 3, 5),('Where’s the OST?', 'Does anyone know if the soundtrack is on Spotify?', '2025-07-18T14:10:00', 3, 2),('Level design is top notch', 'Every room feels handcrafted. Love the atmosphere.', '2025-07-18T21:00:00', 4, 3),('Reminds me of Hollow Knight', 'That mix of mystery and platforming is 🔥.', '2025-07-17T09:30:00', 4, 1),('Too hard?', 'Boss 2 is impossible. Any tips?', '2025-07-19T17:45:00', 4, 6),('Switch 2 performance', 'Runs at stable 60fps even on handheld. Impressed.', '2025-07-16T10:15:00', 4, 5),('DK is back!', 'Finally, a proper DK game after all these years.', '2025-07-18T17:30:00', 5, 7),('Banana physics lol', 'Love how silly everything feels. Pure joy.', '2025-07-19T13:00:00', 5, 2),('Co-op mode rocks', 'Playing with my daughter. Great family game.', '2025-07-16T18:30:00', 5, 4),('Where’s Funky Kong?', 'Need more characters. Funky DLC maybe?', '2025-07-17T12:20:00', 5, 3),('SNAKE? SNAKE!!', 'Seeing the jungle in 4K… chills.', '2025-07-18T11:00:00', 6, 1),('Controls feel heavy', 'Anyone else struggling with aiming?', '2025-07-17T14:50:00', 6, 7),('Best remake ever?', 'Capcom better take notes.', '2025-07-19T10:00:00', 6, 5),('Soundtrack slaps', 'The boss fight music is unreal.', '2025-07-16T22:10:00', 6, 6),('Pure cinema', 'That opening cutscene gave me goosebumps.', '2025-07-18T20:40:00', 7, 3),('Authentic atmosphere', 'The Italian voice acting is 🔥🔥🔥', '2025-07-19T14:35:00', 7, 2),('No open world?', 'Would love to free roam in Sicily.', '2025-07-17T08:20:00', 7, 4),('Soundtrack is underrated', 'So much emotion in every scene.', '2025-07-16T16:30:00', 7, 5),('Guns. So many guns.', 'Loot loop is addictive as ever.', '2025-07-18T23:55:00', 8, 1),('Best villain yet?', 'Who voices her? She’s hilarious.', '2025-07-19T11:20:00', 8, 6),('Too chaotic for me', 'Screen clutter during fights is insane.', '2025-07-17T19:10:00', 8, 7),('Co-op still king', 'BL4 is always better with friends.', '2025-07-16T13:40:00', 8, 3);